{"cameraMode":{"drawMode":0,"name":"Shaded","section":"Shading Mode"},"sceneLighting":true,"audioPlay":false,"sceneViewState":{"m_AlwaysRefresh":false,"showFog":true,"showSkybox":true,"showFlares":true,"showImageEffects":true,"showParticleSystems":true,"showVisualEffectGraphs":true,"m_FxEnabled":true},"in2DMode":false,"pivot":{"x":17.770675659179689,"y":-34.90102005004883,"z":27.697412490844728},"rotation":{"x":0.4016275703907013,"y":0.05215708538889885,"z":-0.022914908826351167,"w":0.914044201374054},"size":85.81846618652344,"orthographic":false}